Name, Theo_Area, Wet_Area, Theo_Vol, Wet_Vol
main_wing0,3123.815004,3123.815004,3803.057328,3803.057328
Totals,3123.815004,3123.815004,3803.057328,3803.057328
