Name, Theo_Area, Wet_Area, Theo_Vol, Wet_Vol
horizontal_stabilizer0,87.675892,77.078100,7.679539,6.933981
main_wing0,267.135602,230.623539,55.075645,48.834658
vertical_stabilizer0,59.672774,53.777194,6.350378,5.877845
fuselage0,373.495679,353.794291,311.184804,302.747327
Totals,787.979947,715.273124,380.290366,364.393811
